Flow Start,Previous Timestamp,Flow Duration,Total Fwd Packets,Total Backward Packets,Total Length of Fwd Packets,Total Length of Bwd Packets,Min Packet Length,Max Packet Length,Flow IAT Sum,Fwd IAT Sum,Bwd IAT Sum,Fwd IAT Count,Bwd IAT Count,SYN Flag Count,ACK Flag Count,PSH Flag Count,FIN Flag Count,RST Flag Count,Flow Bytes/s,Flow Packets/s,Down/Up Ratio,Fwd Packets/s,Bwd Packets/s,Flow IAT Mean,Fwd IAT Mean,Bwd IAT Mean
1741857930.262196,1741857930.262196,0.0001,1,0,282,0,282,282,0,0.0,0.0,1,0,0,0,0,0,0,2820000.0,10000.0,0.0,10000.0,0.0,0.0,0.0,0.0
1741857930.262196,1741857930.2874575,0.025261402130126953,1,1,282,122,122,282,0,0.0,0.025261402130126953,1,1,0,0,0,0,0,15992.77814900806,79.17216905449534,1.0,39.58608452724767,39.58608452724767,0.0,0.0,0.025261402130126953
1741857930.262196,1741857930.288672,0.026475906372070312,1,2,282,580,122,458,0,0.0,0.026475906372070312,1,2,0,0,0,0,0,32557.903321086378,113.31056840285282,2.0,37.770189467617605,75.54037893523521,0.0,0.0,0.013237953 186035156
1741857930.262196,1741857930.307691,0.045495033264160156,2,2,1380,580,122,1098,0,0.019019126892089844,0.026475906372070312,2,2,0,0,0,0,0,43081.62582538518,87.92168535792894,1.0,43.96084267896447,43.96084267896447,0.0,0.009509563446044922,0.013237953186035156
1741857930.262196,1741857930.3295574,0.06736135482788086,2,3,1380,702,122,1098,0,0.019019126892089844,0.048342227935791016,2,3,0,0,0,0,0,30907.929410265668,74.22653556740073,1.5,29.690614226960296,44.535921340440446,0.0,0.009509563446044922,0.016114075978597004
1741857930.262196,1741857930.4989574,0.23676133155822754,2,4,1380,2196,122,1494,0,0.019019126892089844,0.2177422046661377,2,4,0,0,0,0,0,15103.817741118515,25.341976075702206,2.0,8.447325358567403,16.894650717134805,0.0,0.009509563446044922,0.054435551166534424
1741857930.262196,1741857930.499921,0.23772501945495605,2,5,1380,3134,122,1494,0,0.019019126892089844,0.2187058925628662,2,5,0,0,0,0,0,18988.325294281065,29.445785790865628,2.5,8.413081654533036,21.03270413633259,0.0,0.009509563446044922,0.04374117851257324
1741857930.262196,1741857930.5007727,0.23857665061950684,2,6,1380,4628,122,1494,0,0.019019126892089844,0.219557523727417,2,6,0,0,0,0,0,25182.682313626065,33.53220015129969,3.0,8.383050037824923,25.149150113474768,0.0,0.009509563446044922,0.03659292062123617
1741857930.262196,1741857930.5015576,0.23936152458190918,3,6,1518,4628,122,1494,0,0.019804000854492188,0.219557523727417,3,6,0,0,0,0,0,25676.641267785908,37.60002788969625,2.0,12.533342629898751,25.066685259797502,0.0,0.0066013336181640625,0.03659292062123617
1741857930.262196,1741857931.113066,0.85086989402771,3,7,1518,4782,122,1494,0,0.019804000854492188,0.8310658931732178,3,7,0,0,0,0,0,7404.187225591073,11.752678135858845,2.3333333333333335,3.5258034407576537,8.226874695101191,0.0,0.0066013336181640625,0.1187236990247454
1741857930.262196,1741857931.1679478,0.9057517051696777,4,7,1640,4782,122,1494,0,0.07468581199645996,0.8310658931732178,4,7,0,0,0,0,0,7090.243345218923,12.144608657335434,1.75,4.416221329940158,7.728387327395276,0.0,0.01867145299911499,0.1187236990247454
1741857930.262196,1741857932.3988147,2.1366186141967773,5,7,1762,4782,122,1494,0,1.3055527210235596,0.8310658931732178,5,7,0,0,0,0,0,3062.7833889110325,5.616350957660818,1.4,2.340146232358674,3.2762047253021436,0.0,0.2611105442047119,0.1187236990247454
1741857930.262196,1741857932.6493225,2.3871264457702637,5,8,1762,4904,122,1494,0,1.3055527210235596,1.081573724746704,5,8,0,0,0,0,0,2792.478803044325,5.44587825376181,1.6,2.094568559139158,3.3513096946226524,0.0,0.2611105442047119,0.135196715593338
1741857930.262196,1741857932.6502285,2.3880324363708496,6,8,1884,4904,122,1494,0,1.3064587116241455,1.081573724746704,6,8,0,0,0,0,0,2842.507453674242,5.862566934507865,1.3333333333333333,2.5125286862176566,3.3500382482902085,0.0,0.21774311860402426,0.135196715593338
1741857932.956221,1741857932.956221,0.0001,1,0,54,0,54,54,0,0.0,0.0,1,0,0,0,0,0,0,540000.0,10000.0,0.0,10000.0,0.0,0.0,0.0,0.0
1741857932.956221,1741857933.0576081,0.10138702392578125,2,0,108,0,54,54,0,0.10138702392578125,0.0,2,0,0,0,0,0,0,1065.2250733689518,19.726390247573182,0.0,19.726390247573182,0.0,0.0,0.050693511962890625,0.0
1741857932.956221,1741857933.0599961,0.1037750244140625,3,0,162,0,54,54,0,0.1037750244140625,0.0,3,0,0,0,0,0,0,1561.069254521394,28.90868989854433,0.0,28.90868989854433,0.0,0.0,0.0345916748046875,0.0
1741857932.956221,1741857933.0615122,0.10529112815856934,4,0,216,0,54,54,0,0.10529112815856934,0.0,4,0,0,0,0,0,0,2051.4548925214494,37.98990541706387,0.0,37.98990541706387,0.0,0.0,0.026322782039642334,0.0
1741857930.262196,1741857933.1607337,2.8985376358032227,6,9,1884,5058,122,1494,0,1.3064587116241455,1.5920789241790771,6,9,0,0,0,0,0,2395.0008149803725,5.1750233685833456,1.5,2.0700093474333383,3.1050140211500072,0.0,0.21774311860402426,0.17689765824211967
1741857930.262196,1741857933.2167711,2.9545750617980957,7,9,2006,5058,122,1494,0,1.3624961376190186,1.5920789241790771,7,9,0,0,0,0,0,2390.8683490007493,5.415330348812569,1.2857142857142858,2.369207027605499,3.0461233212070704,0.0,0.1946423053741455,0.17689765824211967
1741857932.956221,1741857933.2609262,0.3047051429748535,5,0,270,0,54,54,0,0.3047051429748535,0.0,5,0,0,0,0,0,0,886.102536255131,16.40930622694687,0.0,16.40930622694687,0.0,0.0,0.060941028594970706,0.0
1741857930.262196,1741857933.3652601,3.1030640602111816,7,10,2006,5244,122,1494,0,1.3624961376190186,1.740567922592163,7,10,0,0,0,0,0,2336.4003640667975,5.478456026087663,1.4285714285714286,2.2558348342713908,3.2226211918162724,0.0,0.1946423053741455,0.1740567922592163
1741857930.262196,1741857933.3712158,3.1090197563171387,8,10,2192,5244,122,1494,0,1.3684518337249756,1.740567922592163,8,10,0,0,0,0,0,2391.750642591119,5.789606181635307,1.25,2.5731583029490253,3.216447878686281,0.0,0.17105647921562195,0.1740567922592163
1741857930.262196,1741857933.4706864,3.2084903717041016,8,11,2192,5366,122,1494,0,1.3684518337249756,1.840038537979126,8,11,0,0,0,0,0,2355.624958907318,5.921788068171347,1.375,2.493384449756357,3.4284036184149906,0.0,0.17105647921562195,0.1672762307253751
1741857930.262196,1741857934.4912379,4.229041814804077,8,12,2192,5520,122,1494,0,1.3684518337249756,2.8605899810791016,8,12,0,0,0,0,0,1823.5809286641638,4.729203653174699,1.5,1.8916814612698796,2.8375221919048195,0.0,0.17105647921562195,0.23838249842325845
1741857930.262196,1741857934.5107846,4.248588562011719,9,12,2346,5520,122,1494,0,1.3879985809326172,2.8605899810791016,9,12,0,0,0,0,0,1851.4383977617797,4.942817995550136,1.3333333333333333,2.118350569521487,2.8244674260286495,0.0,0.15422206454806858,0.23838249842325845
1741857930.262196,1741857935.4558585,5.193662405014038,10,12,2516,5520,122,1494,0,2.3330724239349365,2.8605899810791016,10,12,0,0,0,0,0,1547.2703794227996,4.235931850087305,1.2,1.9254235682215026,2.310508281865803,0.0,0.23330724239349365,0.23838249842325845
1741857930.262196,1741857935.6185954,5.356399297714233,10,13,2516,5674,122,1494,0,2.3330724239349365,3.023326873779297,10,13,0,0,0,0,0,1529.0122234716455,4.293929321104743,1.3,1.8669257917846709,2.4270035293200722,0.0,0.23330724239349365,0.23256360567533052
1741857930.262196,1741857935.6599278,5.397731781005859,11,13,2638,5674,122,1494,0,2.3744049072265625,3.023326873779297,11,13,0,0,0,0,0,1539.9060822638858,4.446312075834126,1.1818181818181819,2.037893034757308,2.4084190410768187,0.0,0.21585499156605115,0.23256360567533052
1741857930.262196,1741857936.7805579,6.518361806869507,12,13,2792,5674,122,1494,0,3.49503493309021,3.023326873779297,12,13,0,0,0,0,0,1298.792587898072,3.8353194776106547,1.0833333333333333,1.8409533492531143,1.9943661283575405,0.0,0.29125291109085083,0.23256360567533052
1741857930.262196,1741857936.8094022,6.547206163406372,13,13,2946,5674,122,1494,0,3.523879289627075,3.023326873779297,13,13,0,0,0,0,0,1316.592113469541,3.9711595069846943,1.0,1.9855797534923472,1.9855797534923472,0.0,0.2710676376636212,0.23256360567533052
1741857930.262196,1741857936.8146427,6.552446603775024,13,14,2946,5988,122,1494,0,3.523879289627075,3.028567314147949,13,14,0,0,0,0,0,1363.4601760589555,4.120598248667092,1.0769230769230769,1.9839917493582295,2.1366064993088623,0.0,0.2710676376636212,0.21632623672485352
1741857930.262196,1741857936.818941,6.5567450523376465,14,14,3084,5988,122,1494,0,3.5281777381896973,3.028567314147949,14,14,0,0,0,0,0,1383.613351988667,4.270411580211936,1.0,2.135205790105968,2.135205790105968,0.0,0.25201269558497835,0.21632623672485352
1741857930.262196,1741857936.8323376,6.570141553878784,14,15,3084,6302,122,1494,0,3.5281777381896973,3.041963815689087,14,15,0,0,0,0,0,1428.5841367388546,4.413907944324183,1.0714285714285714,2.130852111053054,2.2830558332711295,0.0,0.25201269558497835,0.20279758771260578
1741857930.262196,1741857936.84616,6.583963871002197,14,16,3084,6440,122,1494,0,3.5281777381896973,3.0557861328125,14,16,0,0,0,0,0,1446.5449972996703,4.556525610981741,1.1428571428571428,2.126378618458146,2.4301469925235955,0.0,0.25201269558497835,0.19098663330078125
1741857930.262196,1741857936.8471928,6.584996700286865,15,16,3206,6440,122,1494,0,3.5292105674743652,3.0557861328125,15,16,0,0,0,0,0,1464.8450772313654,4.707671303563377,1.0666666666666667,2.27790546946615,2.4297658340972266,0.0,0.23528070449829103,0.19098663330078125
1741857930.262196,1741857936.8481705,6.585974454879761,16,16,4700,6440,122,1494,0,3.5301883220672607,3.0557861328125,16,16,0,0,0,0,0,1691.4733083645679,4.858810221514019,1.0,2.4294051107570094,2.4294051107570094,0.0,0.2206367701292038,0.19098663330078125
1741857930.262196,1741857936.8489203,6.586724281311035,17,16,5174,6440,122,1494,0,3.530938148498535,3.0557861328125,17,16,0,0,0,0,0,1763.243685932505,5.010077633526147,0.9411764705882353,2.580949083937712,2.4291285495884347,0.0,0.2077022440293256,0.19098663330078125
1741857930.262196,1741857936.900411,6.638214826583862,18,16,6668,6440,122,1494,0,3.5824286937713623,3.0557861328125,18,16,0,0,0,0,0,1974.6272668830754,5.12185894675195,0.8888888888888888,2.7115723835745618,2.4102865631773884,0.0,0.19902381632063124,0.19098663330078125
1741857930.262196,1741857936.9073305,6.645134449005127,18,17,6668,6562,122,1494,0,3.5824286937713623,3.0627057552337646,18,17,0,0,0,0,0,1990.9303719175648,5.267011565919484,0.9444444444444444,2.7087488053300204,2.5582627605894634,0.0,0.19902381632063124,0.1801591620725744
1741857930.262196,1741857936.9082289,6.646032810211182,18,18,6668,6684,122,1494,0,3.5824286937713623,3.0636041164398193,18,18,0,0,0,0,0,2009.0180685664916,5.416765313690361,1.0,2.7083826568451803,2.7083826568451803,0.0,0.19902381632063124,0.17020022869110107
1741857930.262196,1741857936.9089816,6.646785497665405,18,19,6668,6902,122,1494,0,3.5824286937713623,3.064356803894043,18,19,0,0,0,0,0,2041.5883745257436,5.566600579031135,1.0555555555555556,2.7080759573664985,2.858524621664637,0.0,0.19902381632063124,0.1612819370470549
1741857930.262196,1741857936.9097996,6.647603511810303,19,19,7334,6902,122,1494,0,3.5832467079162598,3.064356803894043,19,19,0,0,0,0,0,2141.52362948662,5.716345737601261,1.0,2.8581728688006307,2.8581728688006307,0.0,0.18859193199559263,0.1612819370470549
1741857930.262196,1741857936.9495406,6.687344551086426,19,20,7334,7040,122,1494,0,3.5832467079162598,3.104097843170166,19,20,0,0,0,0,0,2149.433140492933,5.831911261946876,1.0526315789473684,2.841187537871555,2.990723724075321,0.0,0.18859193199559263,0.1552048921585083
1741857930.262196,1741857936.9504688,6.688272714614868,19,21,7334,7162,122,1494,0,3.5832467079162598,3.1050260066986084,19,21,0,0,0,0,0,2167.3757363876757,5.980617374138179,1.105263157894737,2.8407932527156348,3.1398241214225435,0.0,0.18859193199559263,0.1478583812713623
